,0,1,2
0,0.6174852193761579,-0.4193543102247787,1.2478565757538491
1,0.17379178926107677,-0.6483109008921684,1.2043714585750451
2,-1.1965385068223817,0.09329428041398867,1.5621805980957193
3,-0.0850690357535082,-0.15814040964399256,1.0159946505796187
4,-0.7055339001347265,1.61203473696503,2.023964939770754
5,-0.39347719038229245,1.0896607172437156,1.5304198045161437
6,-1.8866091304569912,-0.09721400520635697,2.1374621807021397
7,0.5961678759089942,-1.2808412955408643,1.7308872177668426
8,0.24467435667020115,-0.7115081558841302,1.2514429258666224
9,1.2438480797546383,0.09576877338278558,1.5988526209330691
10,0.6110856488966424,-0.11156971224084875,1.177231273360055
11,-0.5938219334783995,1.3970813676901042,1.8178176026837445
12,-0.10786137984993224,-0.04848886149092661,1.006968344562935
13,0.382023986365802,-1.3917464123801027,1.7558190118949346
14,0.23795729682559794,-1.2594029762849126,1.6256443435720624
15,0.2357975477258197,-1.527271422737014,1.8406951084366616
16,0.4031197734100063,-1.2368822170498948,1.6408483082138938
17,-0.04251014277190911,-0.23516079258948674,1.0281574347393514
18,0.49885522620766826,-1.3172928055514788,1.7274596586526672
19,0.48859731485173596,-1.7532613111692825,2.0766926978547784
20,0.73486127310397,1.2522689249129944,1.7630083808679793
21,0.23240295692101468,1.049607042221756,1.4682254859070982
22,0.021676367557471213,-0.6561908387421896,1.1962676463733628
23,-1.321603365427984,0.15233182300404488,1.664283761805753
24,-0.5222258724830496,1.2181135892175181,1.660277259413941
25,-0.311008529216853,0.8210078565777381,1.3307066565580867
26,-0.6725169297385977,-0.3800985276337472,1.263627283455993
27,-0.2848473366855465,-0.13779316717193443,1.0488684198392675
28,0.4652011786859451,-1.5157508244805207,1.8745433306712787
29,0.6588361992784962,1.3709482426683812,1.8203198129876126
30,0.3417290293735516,1.141176197008023,1.5553333540223084
31,0.42829622800603345,-1.676200956623899,1.9982710791859721
32,0.29334969131044936,-1.7841424088805418,2.066208647876104
33,0.99699615745247,-0.8982685694633973,1.6735853013398536
34,0.4241437130101677,-1.501046359547194,1.8528459360659038
35,0.6812645619348785,0.9469349968271362,1.5364918781315866
36,-1.4687780886477417,-1.4009629584159136,2.262743088497937
37,-0.8978181728085362,-0.558811958799565,1.455454663231619
38,0.41052600387482585,-1.648199283181694,1.9710637932187998
39,0.11768710100584932,0.6506672249903074,1.1988403110588783
40,0.15851932487652493,0.7835971453678563,1.2802940531721463
41,-1.9208051626688734,-0.11684725138899194,2.168673731360381
42,-1.9127761801908216,0.4547063746948829,2.2057811774275238
43,0.3759128820056585,-0.4699882196413094,1.1671329921904392
44,0.31832734091055326,1.026273011721766,1.467844879597176
45,-0.8041191914045985,1.4694762433912822,1.9508890547328774
46,-0.16051820889519539,0.8194588960707196,1.302796598758365
47,0.6471142359528476,-0.7898384079767008,1.4291961184833966
48,0.7392116400527848,-0.38781461395016126,1.302625818714968
49,0.505229387725832,-0.45041367968734436,1.2075302137302042
50,0.23469043160830713,-0.310876699092257,1.073184010655671
51,-1.801554177306824,-0.8003064430693813,2.210449695557452
52,-1.4206924133798364,-0.4618489575769475,1.7976850094079155
53,0.07187960298302137,0.28060608667398845,1.041108281209734
54,-0.9185880305872318,1.8046046884911942,2.258406972107226
55,0.9018036041077078,1.2782552632452338,1.8566599738228304
56,0.48709791603510677,-1.3071598201261054,1.716371514316716
57,-1.2737289287506328,-0.09016511142508703,1.621886288016066
58,-0.6389448947312276,-0.34571485882053576,1.2360296687832386
59,0.40410700056235155,-0.5586771836599316,1.2146697754722036
60,0.21674887790010666,-0.7580977326922005,1.2734568105687805
61,-1.1192815397536466,-0.6721897567666569,1.6445760044264635
62,0.021910685057088458,-1.7367034262396956,2.0041504107307837
63,-0.9150251188314814,1.623349280265658,2.114836602159041
64,-1.6645604892485826,0.2880797471060496,1.9630974410507915
65,0.6366856825664732,-1.1070347503450542,1.6220032665986441
66,0.44589423197957406,-0.8179887871045219,1.3667213768509592
67,0.9109985325850377,0.09216546550394397,1.3558808205014372
68,0.6843297614775832,0.11784039140950547,1.2174537281931956
69,-0.7204302370935658,-0.2912386628432178,1.2664279234340172
70,-0.2608219296551453,-0.13805621128323456,1.0426349296196225
71,-1.035737287249065,1.7872609649426594,2.2950062058752296
72,-0.8885597586976128,-0.4456314042458805,1.410009146504701
73,0.4394640354954526,1.4344883572970004,1.8030212105559367
74,-1.1801538760780756,-0.4777036545859303,1.6189391442629522
75,-1.5865308096025876,-0.6667292262654897,1.9903788259964033
76,0.7215261538507379,1.714392296377208,2.1118098722584273
77,-0.130211910891812,0.48040556945692936,1.1170249114963076
78,0.5947870659084832,-0.26191311772439624,1.1926316007083393
79,2.57702428072117,-0.264382218221399,2.7768601154430037
80,2.4890566173702204,-0.03221702879307494,2.6826182697914245
81,-0.5352534406352436,0.04668497563911596,1.1351985432787919
82,0.45907911206318125,1.2539191440058777,1.6682526339967672
83,0.6944844277309781,1.5820408862409785,1.9962870500253627
84,0.28223008972267927,-1.4474638660841186,1.7817983800542794
85,-1.2735654447262146,0.08481617234826731,1.621469310561409
86,-1.5836863509866674,-0.8719301873561388,2.065992427363754
87,-1.448028810806837,-0.9922204031962575,2.0202199794689704
88,0.6683385636457758,0.9888711073132648,1.5570942497276976
89,0.08533006238222726,1.1901996264164716,1.556873909559815
90,0.7233894003647952,1.4512896965188684,1.9051335931587492
91,0.7562517698127438,1.2952722221942479,1.8026776941352918
92,2.315481858459767,-0.18463708099214782,2.528941891094692
93,-0.859013350506214,1.511785944462038,2.005841638370509
94,0.4426154925638863,-1.10268489899222,1.5530043337747175
95,0.349210339055786,-0.9130979898744933,1.3984619408537
96,-0.6785760879133861,-0.1314672508652723,1.2156270584097362
97,-0.9472738991819596,-0.008885536749655278,1.377463898922481
98,-1.2945768129227675,-0.6220109910093307,1.7500933682217301
99,-2.226297383115193,-0.8573454160911914,2.586782016436278
100,0.3401922539121157,-0.8087659686382959,1.3303507663955572
101,0.5321771363136435,1.0036105352298093,1.513422152222986
102,0.5628246006896438,1.2613561288393815,1.7052245643615762
103,-1.2892385323487088,-0.18896473987333023,1.6425113899781785
104,-0.5854346399512645,-0.3846839963174601,1.2209486044374016
105,0.6595105229623732,-0.7925101058511537,1.4363239181237324
106,-0.6635410348488829,0.0793672276019754,1.2027409786589756
107,0.45297793730905805,1.134268235806767,1.5785288855288535
108,-0.933212022488116,0.12203117807097093,1.373235699848263
109,0.4541401506658579,-1.4767406459702488,1.8403820831304125
110,0.23221647984732635,-0.9876819137960197,1.4245841696272115
111,-0.7185841067506012,1.3971082358861282,1.8623304060384689
112,0.21310026091657433,-1.6087204637008472,1.9061461779025712
113,-1.8145675104457568,0.03875418879349643,2.07223481707898
114,-1.2442532726872935,0.04300785464256732,1.596876915154702
115,-0.9024556656530641,1.6670938522618823,2.143275096836306
116,0.8436761222151284,1.5785145682584416,2.0502433127314648
117,-1.369285573732089,-0.9081973754293917,1.9234774381748416
118,0.5194250557937,-1.3097474078679563,1.7277849000969765
119,0.1434136911562996,-0.6525871962817154,1.2026793153463249
120,0.44208311405775486,-0.8212734751107125,1.367452961039402
121,0.5592543348830414,-0.856476391349023,1.430495445649415
122,-0.9004063948189108,-0.7610359874119139,1.5459325502643428
123,-0.6335717646623369,-0.47562027941337803,1.27578518221784
124,0.943942817636404,1.9555325751571386,2.390634998377641
125,0.006409939358948813,-1.3655326002467716,1.6925484836953104
126,-1.0715956567210783,-0.282848360524963,1.4927559902928338
127,-1.0749237816220367,0.005531533729326389,1.4681593013573218
128,0.47481485025772446,-0.9181616057562391,1.4382176039494652
129,-0.6940406825001243,1.612167633048815,2.020093301314436
130,-0.6792727474150955,1.2450092851551218,1.735355751857042
131,0.48924310188827613,-1.7084288260679954,2.0391390012663018
132,0.6003638288077048,-0.7171993451517629,1.3692376081698767
133,-1.8551702482947616,-0.26396096661366925,2.1239896520589903
134,0.3683829957863414,-1.4078732157299827,1.7657329988292119
135,0.6332651313605301,1.4213241897048314,1.8496451494373631
136,0.3683843062855463,-1.3753699375949568,1.7399280049351002
137,0.19222959367984846,-0.18907728195324747,1.0357134909023573
138,0.26375526646392267,-1.6158738044723309,1.9184928961472176
139,0.32380223489178317,-1.4954071249007685,1.8278649721806302
140,0.42699882212734486,1.26224750203563,1.6660122299951248
141,0.238755066760393,-0.9155653825072958,1.37668585797541
142,-1.206589300320702,-0.42155572625677584,1.622826845349891
143,-1.7556673411199792,-1.150613251034668,2.3251405691122993
144,2.8907112378778965,-0.1841637745186794,3.064331535039661
145,0.651829304555025,-1.6329596882206054,2.0227305271909612
146,0.14826226503383685,-1.1287759388179703,1.5152943012125908
147,0.3170067415192776,-1.5979143885542484,1.9114977549862222
148,-0.7116307866355551,-0.3892877295998204,1.2876192422080845
149,-0.5130123323188918,-0.21293678604639857,1.1439072199977753
150,0.7187991796513818,-0.10790830893999524,1.2362509712051954
151,0.4503610475816283,1.1590819761995297,1.595711784981683
152,0.4035361898220934,-0.6635697607006062,1.2661620290517295
153,0.9934840961080658,1.8579334273649046,2.3321507819477625
154,0.5425724077980765,-2.0161026755248863,2.314963242896614
155,0.7920069691494245,-0.04533063960419238,1.2764520774663586
156,0.63667104979985,0.26951369280218684,1.2157251565469536
157,-0.6789071603067004,0.04273103746386608,1.2094382472364789
158,-0.7985669070626501,0.011455706860503938,1.2797813634661512
159,0.7497732521401822,1.3460587688300887,1.836854414146434
160,-0.8770253879712818,-0.2600960855146451,1.3552946192050712
161,-0.6005406023515016,-0.12544508266851886,1.1731945635053105
162,-0.9354616432786255,-0.34523440320085824,1.4121881174967446
163,0.7692590579889305,1.323157754237736,1.8282521546267807
164,0.33779964469228874,-1.1612650813271093,1.56928174304804
165,0.555660235566056,1.5295037289934716,1.9100104592368754
166,2.381222299663372,-0.13618802469958285,2.5862650325296697
167,2.288975185123354,-0.07439881205220626,2.4989883115663574
168,0.3298467769695656,-0.8855684421136344,1.3758743990440334
169,-1.4227653360939954,2.35774530419112,2.929713999868577
170,-1.6376473146792154,-0.33315450620670883,1.9475319387064955
171,0.8067134484573633,1.2437410474895152,1.788205352058954
172,0.46441668019460974,-1.3007131967645564,1.7051503373839076
173,0.6854468604924703,-1.1356997322556286,1.661219817003304
174,0.44235875886906717,-1.0850272365979352,1.5404432400148775
175,-1.013692228891557,1.8029020679310512,2.2973958739114146
176,-0.5316824182128059,1.0303106553150811,1.531086620767228
177,-0.7320400117778735,1.236298676484325,1.7505190648263853
178,0.6871708910130687,1.6690662687163254,2.0634888036580987
179,-1.1302521139920325,-0.2597512115788749,1.5313198663571737
180,0.6950115182833113,1.5042383495777594,1.935400222922095
181,-0.7817701198909112,-0.3029455665602836,1.304967638163024
182,0.2513468678259073,0.11267170620156446,1.0372416118457002
183,0.23811378224723662,-1.0284137584860564,1.4540746308011503
184,0.35742981714315364,-1.3643477730631417,1.728930571204449
185,0.7330547573017996,-0.5690681622983654,1.364260917326462
186,-0.8712325171338428,-0.07471236740291957,1.3283930279681238
187,-1.1847818414673301,0.02550986080726836,1.5505994856406744
188,-1.6219851391367124,0.17503921746327944,1.9134979799389644
189,-1.5691297270915632,0.10229166890519376,1.863499848663759
190,-0.3547335171690525,1.0521389849315625,1.4942664795196154
191,-0.5863283853390827,1.3985669779344547,1.816527062067353
192,-1.8811844453086262,-0.9072214869534845,2.31557892192454
193,-1.325825097441907,-0.8261158690826849,1.8547990775706897
194,0.47337741117411936,-1.287989133745246,1.697940570825652
195,-1.1380362669930013,-0.23130459330105252,1.5325235266949515
196,-0.9160912909219815,0.038668033042041625,1.3567308023636977
197,0.6298858696046779,1.4138821412200877,1.8427747876473515
198,0.7699840014348515,-0.9547518260865897,1.582537965383865
199,1.32317983892275,0.31767790779508026,1.6887048703763174
200,0.9146424307854142,-0.2402393619125909,1.3763305297802633
201,-0.7916551017526908,1.6173301021235182,2.0597267924086275
202,0.6666396816725693,0.027594601163647148,1.2021522063340753
203,-1.2722884378405348,-0.03708510248622636,1.618670186878452
204,-0.4915348013857064,1.488252888629667,1.8591673193900096
205,-0.779784941582213,1.759051633981228,2.1684850025145215
206,1.0499524835992158,1.8755135962797946,2.370643682134987
207,0.23142159221737751,1.3803112552202688,1.720120668625367
208,0.11585370459400635,0.2817205458795321,1.0453652695774893
209,-0.18380904366835496,0.20456143910622882,1.0371263890690887
210,-1.3182591871442884,-0.2118477883703061,1.668138714234434
211,-0.6562334786227308,-0.6403423764762274,1.356716896620851
212,-0.9940591202842487,-0.30708516807786335,1.4430713201618637
213,-0.5766980630606562,1.6839753452424908,2.0416546278257934
214,0.3468356587816193,-0.7691879985791895,1.308413218887955
215,0.9643972416242657,-0.730000078950419,1.5693827305409316
216,-1.098339615293727,-1.0626604150888257,1.8263617024894954
217,-1.0829198602240944,-1.1744295937206515,1.8846751163727467
218,-1.5421599041624807,0.02761593479960788,1.8382110351810228
219,-1.2604738773172481,0.061477650738284845,1.6101471662365137
220,0.6939958287854731,1.4841857142338388,1.9194888498523366
221,0.5678636126220205,1.3614332204397706,1.7821249945660762
222,0.09776585115590655,-1.3252036644031238,1.6630462753031579
223,0.45841300613685243,-1.6230433914002782,1.9607173010313197
224,1.2516927729239318,-0.7295640961224978,1.7603972756571282
225,-0.8963219867217395,1.6821141833108648,2.152417531422838
226,0.26838795912028557,-1.7364385016448964,2.0216950231416027
227,0.48124252763825703,1.3760102270705636,1.7677665330609815
228,-0.08233572050909739,-1.2978163566808043,1.6404592242844653
229,0.7203382020967767,1.3613903630940107,1.8363743752637314
230,-1.5099315800282547,-0.7949845168017831,1.977850792734676
231,0.14306274483106646,-1.050934805427192,1.4577142772906113
232,0.6790683473828987,1.6098484953968542,2.0131433129682685
233,-1.1045396691633604,-0.0004611162106118241,1.4899691585343857
234,-1.8782910311170202,0.37624482306278006,2.160911234747087
235,0.3838511741001039,-1.4042292481420195,1.7661261294696733
236,0.14784587799560853,-0.6599372987352529,1.2072181418046513
237,0.43482602458089803,-1.5299485664709238,1.8787805320737339
238,0.8520657631315097,-1.1124838821993448,1.7215215516670732
239,0.3163402910773814,-0.4437135276729484,1.1388383881828426
240,0.463987517415384,-0.28750548333940384,1.1392733733689713
241,0.7642715240259295,1.2856345252275008,1.7991573291110086
242,-0.7200352650302109,1.4175198981137846,1.878247439619083
243,-1.1392661438520255,-0.3894427887592205,1.5651175777698056
244,-0.9770060364995862,2.2182447465636943,2.6220508292201465
245,0.9006976715905509,-0.6904487094829278,1.5126056049199608
246,-1.127889005766975,-0.22187517614256042,1.5236017206338104
247,-1.337782746322488,0.1460380780430455,1.676600667003519
248,-1.560725526532217,0.3429462619976329,1.8850666587119447
249,0.34848319103705283,-1.4005022804686489,1.7558038535193086
250,-0.8882280461698315,1.6118136648237742,2.0944909529800606
251,0.10154662932900305,0.7856682482287107,1.2757689109720667
252,-1.5750447609964284,0.20916676506098816,1.8773696318914863
253,-0.5544899091258687,0.18608855010797182,1.1584852212280057
254,1.6629653216012406,-0.022093548966756495,1.940603459173013
255,2.343220919511786,-0.13049748062226588,2.551022122617994
256,-1.1783323168644586,-0.9424829874647689,1.8101771268656774
257,-0.619565364165822,-0.08192495073713901,1.1792255670681544
258,-0.7449256652005055,-0.19902217259451593,1.2627446582182231
259,-0.21150710641815826,1.391481442378851,1.7265444855404424
260,0.3285992104868438,1.1191397126750668,1.536375975345556
261,0.2325673497114988,-1.262432444152918,1.6272133382570773
262,0.4954106081355927,-1.4839844360040264,1.8567825604942185
263,-1.3347049105766304,-0.9587062560997915,1.923682635936149
264,0.03440230551014774,-0.9053108835711531,1.3493595942286087
265,0.6500828420603267,1.2753550597921517,1.7461781782162653
266,-1.0374100470190624,1.8414972453353773,2.338232603962633
267,0.1993409253438769,-0.8129209718576121,1.3040618509115578
268,0.4180347048829461,-1.6445292537208043,1.9695759647269453
269,0.41026910588703125,-1.3505665917906753,1.729841281189238
270,0.7783738887334006,1.5705501954918832,2.0180420776637806
271,0.5404896206564282,1.1492015896847048,1.6164137229593118
272,0.692603211808066,1.7698994360258165,2.147613378299584
273,-0.9822744557981318,0.13657374359955884,1.4083733503422713
274,-0.6276410508816658,1.4798572469645819,1.8931219612442916
275,0.36035409572265337,-1.0374969569831491,1.485346764245099
276,-1.6017547139233919,0.2661328829688247,1.9069464793153228
277,-1.6185230252602947,0.055758274755809044,1.9033459403118187
278,-0.9059395210188416,1.8261660901183712,2.2705966186097584
279,-1.437061646866976,-0.7114122692457681,1.889776069731395
280,0.5833085674277307,-0.9538483284598449,1.5000251726355234
281,-0.9223055965280818,-0.5446090770934467,1.465348648015071
282,0.6249969985026224,1.3404193886259321,1.7853138059012494
283,-0.7322217416038811,0.07792894443251039,1.2418621498611617
284,-0.9063227624491634,-0.4490724186178209,1.4223526239638125
285,0.23206040303735165,-1.4136931733940519,1.7471062987576924
286,-0.7487602137267706,1.4925091908789203,1.9463364412449888
287,-0.41485028134606583,-0.18246374557541048,1.0979042646707946
288,-0.9644524414400237,0.02018319319208477,1.3894516447458873
289,0.42380927754294984,-2.1523371088229326,2.4108441122867603
290,0.4101612152896351,-0.9838782310170933,1.4615911179249808
291,-0.9258713837197938,1.8768357103924405,2.319428831198643
292,-0.7760765971331897,1.5147839649613053,1.9740479591746813
293,0.4679194656137814,0.8213065281309252,1.3760425282129767
294,0.2230823067091439,-0.6988062841367095,1.2401999590048487
295,0.9829542171732728,0.144369032057612,1.4096245636608258
296,1.0072064055986423,0.05707428827215955,1.420465493372053
297,-0.7760284600408867,-0.11319988540669382,1.2708400311799746
298,0.627757316697448,1.4432970124550084,1.8647212968239335
299,-1.320474935752399,-0.7246090396067028,1.8079580515681362
300,-0.7868784795051529,1.550882706600243,2.0060944422284903
301,0.6906877607678412,0.9685634481093239,1.554080028791284
302,0.06318999252193237,-1.1816342603980625,1.5492748305260102
303,-0.80421366232208,1.7312358713686982,2.1549796418943794
304,0.1804648562837767,-1.5137289348379057,1.823168355506157
305,0.10936121035462572,-0.3590983552646822,1.0681345903415116
306,1.0452280854940657,-0.5512469776524622,1.5480229265345409
307,0.3719402525510839,-1.0319212218071212,1.4843183484292264
308,0.8552183275321643,1.3837298016467574,1.9094780835904577
309,-0.5277101505443701,0.7796217878514283,1.3734220527864767
310,-1.0338566362026962,-0.051857918260705314,1.4392875973573482
311,-1.172483748626225,0.11929072609034051,1.5456223400700981
312,0.19216632609776707,-0.7522642733446732,1.2660290019729812
313,0.5316183457399946,1.4405042271989914,1.8323947429812966
314,0.5048311267458184,-1.056915346451535,1.5401053587648543
315,0.5698462402064601,-1.63997079783693,2.003554080936009
316,-0.9788228492029418,1.7853656085290985,2.268396906681069
317,0.7224540411467822,1.2483209645360298,1.755062697475358
318,0.8273781404801535,1.6126547377268847,2.070074851414162
319,-0.6949274102911105,1.5876589153560188,2.0008960335518085
320,0.5237527927210125,1.6025096582393483,1.960192386637968
321,0.32909199173628495,-0.8770057733894773,1.3701973089972956
322,-1.3104871564865976,0.2709393805444484,1.6705641966851013
323,-1.3632737860479056,0.28799167532549425,1.7150669435279124
324,-1.1338006661665316,2.1698437008204774,2.644565302009004
325,0.17329023149121547,1.1475755166052033,1.531978808809697
326,0.19166656537623383,-0.8562139186794661,1.3303527151938201
327,3.4503278527945893,-0.42921759890114036,3.6178709262460678
328,-1.8459404053742143,-1.022979285930481,2.3353763293387972
329,-1.3606389249784074,0.39790460882522427,1.734839001720549
330,-0.9084090160290355,0.12740943768270954,1.3569967226244375
331,-0.76007243185659,2.0580612585743365,2.4110840395376045
332,0.6467337329448366,-0.3603959252804915,1.2442466573342863
333,0.06363707065227714,-1.0690945814927866,1.4652688834949166
334,0.6030539811085612,0.9633038380467195,1.513812534142331
335,-0.7882040731028216,1.53372939536431,1.9933869466464484
336,0.3739187776304589,-1.469996379321185,1.816784138933971
337,0.8012186142993015,-0.4870766329891612,1.3708373040969344
338,-0.7147879299707944,1.3730456787160572,1.8428717320184742
339,-1.4899832050046782,0.579285813375075,1.885635703091569
340,-0.7675730590006739,1.821108591125141,2.214860018505334
341,-1.325112094096058,-0.41829512332218005,1.7119850677254045
342,-1.4447662871224722,-0.7758665669210592,1.9207598897497635
343,-1.1111789541585595,-0.03955853036731696,1.495420858985768
344,1.0245306304367248,0.008237879567670518,1.4316881208429595
345,-0.7004619968728238,0.13337187814536186,1.2281836454468384
346,-0.5766055823139025,1.4198646062423366,1.8298878374412078
347,-0.9947388792523977,0.06641457462407109,1.4120610233339113
348,0.2250782238514458,-0.4242730762118179,1.109354699836964
349,0.35953112675092724,-1.379374554283425,1.7412457586760661
350,0.8770061947065372,-0.6539281338765613,1.4821477219997077
351,0.22767268087264972,-0.8615568101063504,1.3394457759298692
352,-1.3311797967627654,-0.7962978687663305,1.845570358212105
353,-0.17616413680162818,-1.1108023260516655,1.5049636575867382
354,0.2853253062194684,-0.8988266994741755,1.374518085023574
355,-1.47532280656748,-0.8958269009997593,1.994763950980912
356,-0.300847745895592,-0.6935273181979846,1.2535906458239656
357,0.5468802354532821,-1.5458962069736248,1.9206439218826787
358,0.26250314966421656,-1.4394528819757373,1.772267616081694
359,0.9751705877301692,1.8191633951620585,2.2935372535608725
360,-0.8967104395696159,0.031906066383587416,1.3435429317685414
361,0.5761105531189178,-1.4767569115944408,1.8742236647094541
362,0.343258442559807,-1.7736175875118037,2.0648355152698663
363,0.34152257980437617,-0.8648092089074247,1.3654789051198566
364,-1.4339002205277618,-0.16713296803869207,1.756133044912881
365,0.5112310201518485,-1.7686468382826233,2.0951059148722337
366,-0.708238468546885,1.4708340553932853,1.914407100601723
367,0.9038517869528223,1.5584489436305653,2.060512354411163
368,0.40415592608226814,-1.2237383198695255,1.6312196320865273
369,0.27575458782466605,-1.3836947221846445,1.7293500735559566
370,0.6786317069031588,1.4177236613280402,1.862922803957179
371,-0.7030978361513034,1.7272426272578538,2.116060883012882
372,0.7232763350516598,-0.5200744774419856,1.3392558078770147
373,0.44894666308363795,-0.6207408822783437,1.259711216599118
374,-0.8101888779415543,0.10993860149578448,1.29170140281686
375,-1.1499233628597674,-0.7253510763578157,1.6877375164474355
376,0.504755287765106,1.2804812376936223,1.7012965939577454
377,-1.5086241902816924,-0.7013631119301263,1.9410968966745072
378,-1.0340990469032942,-1.013899862506305,1.7599300469043098
379,1.0461418118692838,1.4804096596571823,2.0702718302067105
380,-1.1137626500727271,-0.4565800933572433,1.5649065858213815
381,0.38672921229440865,1.2732791097847918,1.6645717692716662
382,0.24029017637350636,-0.4971116258864058,1.1423043978962162
383,0.4289546160924052,-1.6236735581239208,1.9545633491953582
384,0.3664639224177502,-1.6169095512438854,1.9361539978363047
385,-0.6455310640424208,-0.8348796811549057,1.4538687824728396
386,-0.2924819774318402,-0.20293975971599054,1.0614755075817923
387,-1.4285659954484078,-0.4728193574058795,1.8067537043241972
388,-1.5218677004695236,-0.48188244665357205,1.883691054850882
389,0.09301919466177308,-0.8838330046968141,1.3378390601140795
390,0.41027416498823555,-2.0014269915392124,2.2746504990698013
391,0.9564888459717691,-0.8525941940306123,1.6253577366731042
392,0.39613937837512514,-1.4590621172903928,1.8126744520766418
393,-0.878402552351294,2.1034434096286634,2.4891896716577313
394,-0.8863659429393386,1.6776691047444576,2.144811928775298
395,-1.0386462796694673,1.7763363803409846,2.287828015912502
396,-0.8353636153592201,-0.7151389878266272,1.4863566670808592
397,-1.7521037602577736,0.20285159068075997,2.0275641431410114
398,0.18871214670260367,-1.6948550636408748,1.9769031238435075
399,-1.0472855288828582,-0.7332224270815553,1.6230902952648119
400,0.486358945149944,-0.8004272982529335,1.3701200251495693
401,0.5956662577074182,-0.9947369289878109,1.5311171896570366
402,-0.7355835627025213,0.18924874505005015,1.2557460990268507
403,-0.7331151330031739,-1.1598118940692572,1.697828444767839
404,-0.6062587171502385,-2.1149559643684888,2.416730924893894
405,0.7462704643233365,1.0941759135590756,1.6595603441075006
406,0.7235187045846718,1.5712916093775262,1.998108264730442
407,-1.5458816616891375,-0.2772319835425499,1.861882833221711
408,0.6708937524153664,1.5617353751717178,1.9720841282999864
409,0.5589920920036527,-0.6600855872337326,1.3221895255205744
410,-1.3206060580654198,-0.5177825689469673,1.735540016624338
411,-1.534663688866776,-0.25925982133817616,1.8499752141276065
412,0.4365388340664541,-1.5964152962532479,1.9336773132452696
413,0.2532911017026154,-1.177358857133567,1.5653530785968333
414,-1.6413512498529204,0.56118550287771,2.0022395196464013
415,-0.910435585868533,1.8318269625075625,2.276945975772254
416,-0.9849141366818678,1.9537752434133622,2.405679437998906
417,0.6489965308163874,1.6173014925189677,2.009194021172616
418,-0.7518562990525425,1.4023019045136016,1.8792920278199077
419,0.5677920371788288,-0.3400951721203335,1.199188276953725
420,0.4529941415116544,-0.8258805996364309,1.3737839921544115
421,-0.9025858418578411,-0.05582823761438882,1.348249974610553
422,2.797610992284891,-0.41383473745473853,2.99964772166291
423,0.2963502115573028,-1.5353706898396904,1.856121386954222
424,0.9590572237978578,1.90382707065665,2.354643980198267
425,0.07922748789764819,-0.8715497265853643,1.3288626417916922
426,-0.7773647278166251,1.704987212218422,2.1239767686775113
427,0.41391724191197876,-0.8278773437839542,1.3626108687012575
428,0.844530956266953,1.6992619257127584,2.144929749029139
429,0.299707560951158,-0.6292908441724582,1.2189469178969925
430,0.3133235025249814,-1.4687234018924855,1.8042505503674255
431,0.6725747026522211,-1.6412537966241438,2.0361902552514315
432,0.34849086008154767,-1.6524141596936741,1.9626304885832504
433,0.07163180885172016,1.3124553350753987,1.6515659607194761
434,-0.7434700805475443,1.4469482907696676,1.9095567854427988
435,-0.7817315796445242,1.7483730503423047,2.160535254462833
436,0.1561461763508036,-1.2252279793630074,1.5892027025533697
437,-1.2828411458443358,0.03274658564764043,1.6268846745675574
438,-1.5391375156049127,0.0933259214007679,1.837839497765723
439,-0.8638580768127757,1.7070843471435928,2.1587931223573356
440,-0.7011749658718481,-0.8762219975607781,1.5031338336205422
441,-0.6525701289005603,1.2870472644365905,1.7556589742962627
442,0.3699762155897246,0.9358362113952879,1.4186866513295953
443,-1.2149622941726872,0.2007476956032755,1.5863268936607562
444,0.8796534284738563,-1.056969998882269,1.7002869560056602
445,-0.9055479524135017,-0.1404558349718393,1.356371975417482
446,0.5104672946736546,0.23678165639241835,1.1474503961981875
447,0.34845489750114056,0.871639433524168,1.3715597390076975
448,2.021933187699664,-0.08324740467960369,2.2572425536275924
449,-1.2809494305519005,-0.7183426679798847,1.7767519895223691
450,0.21835444160081108,-0.8152074971309428,1.3085266239344533
451,0.0877110584562635,-0.9658156364813898,1.393015819525202
452,-0.8458721658878321,1.676102671661051,2.1271624025854456
453,0.6869554522113406,1.342713912147373,1.809637655221893
454,-0.5452309358679646,1.6057708419186991,1.9686992584403908
455,-1.7980176527332936,-0.07509667040137401,2.0587634612664747
456,1.352470392694733,0.1409414999566746,1.687910148534537
457,-0.2288263529832172,-1.8325592375324504,2.1001511514377045
458,0.09117139507860698,-1.2328993368532675,1.5900795571586366
459,-1.0354319316289853,1.40929552180531,2.0145056844837725
460,0.7153957996216359,1.8325703362678165,2.2068314814423458
461,0.27059066975643914,-1.5448190464691811,1.860022902249644
462,-1.3658608365074745,-0.19584262442669487,1.7040921800909812
463,-1.3187791963366602,0.2595956724671353,1.6752816127009904
464,2.3266303318620882,-0.04867621316985192,2.5328991442355635
465,-0.9046036087453806,-0.06173596559686017,1.3498588883299403
466,0.6651329889180606,1.2885250535154071,1.7614479005874557
467,-2.1801956946786962,-0.030128750204539166,2.3987832350348812
468,0.498370872740477,-1.5800582500955698,1.9351892931936086
469,0.7533491914331991,1.4870442086441575,1.9439227049178636
470,0.39495066306133786,0.04512276903436843,1.0761143482631943
471,0.5420104482501545,1.3448837677631276,1.7613879966677073
472,0.2923912810391661,-1.570407525300266,1.8845881398192632
473,-1.7296490722707953,-0.5555013347551437,2.073708669539183
474,0.7789911401486082,1.6399680530638197,2.0727572003252006
475,0.4637987725810178,-0.571760168226031,1.241780572974758
476,0.601798236857954,-0.42030829184578705,1.2404919097195537
477,0.2905815746347191,-1.2985182084629994,1.6645080922684485
478,0.5121641618701979,-1.8601180355191584,2.1730971526298255
479,-1.4998645976003087,-0.8544791510854963,1.9949256704886342
480,1.244289133824609,0.09957710539519064,1.5994283505280507
481,-1.1261286232224188,-0.13326003399169759,1.5119272180565735
482,0.19144840970258883,-0.8865445808702398,1.350042142841489
483,-0.5231628162529662,-0.4780892738006931,1.2256707086460903
484,-0.5926672348180122,-0.6046857758082897,1.3103050555850353
485,-0.3163862369592157,-0.3611027107740284,1.1092769801386688
486,0.4734333506696371,-0.437868741385865,1.189902589378274
487,-0.7884423408259258,1.6863917019875687,2.1131867634782293
488,-1.1097806788405609,0.5052034738524112,1.5769729563693728
489,-1.300159457766253,-0.12352171253896817,1.6448927713038308
490,-0.9147290200980207,1.9662872634717101,2.388098570557872
491,-0.5961388268863513,1.292248025408536,1.739335062629882
492,0.12935092433873466,-0.6450343187319978,1.1969966307259756
493,0.44375508081869064,-1.2256737413731538,1.6429226068333431
494,-1.1739728116804664,-0.7569879135859665,1.7179181772948835
495,0.23562328613143302,-1.5541964969745161,1.863074095191931
496,-1.9868190374829409,0.21549009808947037,2.234700398281445
497,-0.5067609904277698,1.322923747012874,1.7340513088804255
498,-1.8018284902625408,-0.458193371079183,2.111048808915297
499,0.4414359121710219,-0.49649938389847764,1.2005737389955813
500,0.6532697383177128,1.4070917769978482,1.8457162891128895
501,1.1073320674528517,1.5802875154307197,2.1733598273262538
502,0.923592795918181,-0.0884217276676226,1.3641268469595085
503,0.4333048774728339,-1.149249779974583,1.5838333793721406
504,0.18622897895824486,-1.2588913797328993,1.618483468735357
505,-1.1521046931302685,-0.02745392217681593,1.5258109128511572
506,0.7281187186533098,1.582524830007417,2.0086168639248605
507,-0.8246047251884654,1.8753588947753865,2.279680665579349
508,0.5229435394870909,-1.548963333799199,1.9164439347253588
509,-0.686030083574047,1.3270946019944716,1.797725607041152
510,0.6268918966850952,1.1081512411570316,1.6189479989818407
511,0.35774478922628866,0.8615652252532366,1.3675803345998443
512,-0.7342577182502813,1.4872359105678044,1.9367511586397863
513,-0.23184470149089587,-0.03705420205556284,1.027192766475396
514,0.9273840822325184,1.5634638760198687,2.074719385265709
515,0.7227501496105659,-1.509645427921722,1.949717183800526
516,-1.006224059300269,-0.5931685013593647,1.537639661468065
517,-0.30927617933534907,-0.19807999575922347,1.0653109592153105
518,-1.0155647396988172,-0.09892658927525301,1.4286910829795085
519,-1.6221380189261936,-0.7860789810517502,2.0613713680210934
520,-0.5486715749564718,0.2693478233200187,1.1720020252083387
521,1.3831353441833212,0.1169218161216256,1.7107700287923837
522,1.2710150155915707,0.058322159334694666,1.6182955985013068
523,0.4784652481685557,1.0557586391248708,1.5308674984438715
524,0.3935165105128613,1.2276490325684373,1.6315567385820324
525,-0.7875255630829382,1.7396798835057277,2.15561652656116
526,0.2746130004501835,-0.8948332403512924,1.3697221718486732
527,1.3691913563017517,-0.061402327118619135,1.6966010774330575
528,0.7455323812613976,1.2425544828557646,1.760613578947478
529,0.06978637708102006,-1.0977276074719504,1.486565181427369
530,-1.0900553964074724,-0.8362696525724268,1.6992844667831986
531,0.14629658307995472,-0.6333138663129917,1.1926814928911995
532,0.5650972249555947,-1.0536249787232488,1.5586726626980023
533,-1.485713809097334,0.0715591833159355,1.7923354148315411
534,-1.4218041719396064,-0.35162792304910623,1.773462517115233
535,-0.7960744555381701,1.7082735882399118,2.1335259996162357
536,0.8792804387401717,-0.17034672090144964,1.3424425854661293
537,0.1322877201716313,-0.04211426753863268,1.0095908341692308
538,0.6250890230432716,0.13612549915268857,1.1871252832994337
539,-0.7062148400849992,1.5773015727906552,1.99665211088065
540,0.4966219597276628,-1.5485766952838176,1.9091158037321607
541,0.557376988308423,-0.6552920018902716,1.3191196741907565
542,-1.2334215023070263,0.5065527010913432,1.6667106051550333
543,0.411308948145813,-0.5898230112143689,1.2316924272653464
544,-0.7053656870024143,-0.6917043849768556,1.405701144837194
545,-1.0811417199830622,-0.0416578150720918,1.4732965730783856
546,0.29971874295319423,-1.4091539728681939,1.7537235369714514
547,-1.0448523403732723,-0.3561382934995419,1.4894800761608966
548,-1.2184004274911306,-0.7144242982549674,1.7305784234317936
549,0.36857227182359936,-1.5828680562183637,1.9082234677714531
550,0.2177107093306025,-1.6234513026030448,1.9191123169009043
551,-0.17516943753837644,0.9614240860557072,1.3982205137586714
552,-1.0743135861623478,0.09785550092439481,1.4709606998401312
553,0.3717695033760849,1.0312831143500143,1.4838320071975686
554,0.8600361803366364,-0.6699765477264452,1.4793683807596665
555,-0.6991764551359079,1.2261958871046312,1.7298566613938646
556,-0.47280779745302987,-0.6129755213304083,1.264628879585893
557,0.27813205854415957,-1.1715217174591526,1.565190268455709
558,-1.0648772126655155,-0.808569158523298,1.6696549230812192
559,0.2909855429611206,-1.361980564652715,1.7145447339466262
560,0.023133979423755384,-1.308763052775827,1.6472388743940813
561,-1.0797381671971686,-0.5523148857002261,1.5719052906165674
562,0.7721625211904526,2.0586777682900066,2.4154480149203623
563,0.7130691613628583,-1.1245241039720413,1.665239348952832
564,0.9406995008440517,0.13677746267574048,1.3797186761018574
565,-0.8872807293769256,1.543850645535655,2.0422394346512136
566,0.30615340667746893,1.110728289011882,1.5255973388910595
567,1.0551910867089884,1.6133698456469563,2.171725233152891
568,-1.483511705117105,0.07571469265218948,1.7906813490688052
569,0.27222560823173303,-1.1733263743873914,1.5655036130939455
570,-0.047535455785876986,-0.6777986044159409,1.2089956855609403
571,-1.8323881063578966,-0.017106475805158745,2.087567676468562
572,2.8656040650991685,0.03755477731076018,3.035308389474081
573,0.2728088800101002,-1.7274310755183422,2.014557719619575
574,0.326345092292148,-1.4273043834278278,1.773047918758955
575,0.3151311309572658,-1.1279873296425147,1.5400204691926846
576,2.5596001905677905,-0.31956656629289404,2.7665277742771535
577,0.6222771481167524,1.5617012482458785,1.956052053970204
578,0.3030425236668501,-1.7281153938098448,2.01945972613294
579,0.5373712447999567,-1.7911093768402724,2.120575547945181
580,0.8508306906642942,1.6074399489703222,2.0755182614763936
581,-0.6589551871831704,-0.2725916319631078,1.2282215339798914
582,-0.5248713257863455,1.17982071268503,1.6332381402334837
583,0.41868699953290817,-1.8393289777536344,2.135047983531541
584,-0.6799061559281879,1.0908772416651105,1.6285839054994757
585,-1.471782666148278,-0.4545604646767436,1.8365101231470713
586,2.7557619420367643,-0.32192264962200556,2.9492131278559524
587,2.18267709925085,-0.10908315500465747,2.403326539257592
588,-0.7644313087844532,1.8085794743904589,2.2034779193439586
589,-1.3107350439604564,0.08208106188230564,1.6506858138924398
590,-1.2228652325290585,-0.0016010534570550104,1.5796841267482944
591,-0.7693357536014294,1.4562516508372865,1.926796920367012
592,0.42260266558708387,-1.4463907251595323,1.8084908467528462
593,-1.0301505831178903,-0.6189513306159957,1.5634292352292256
594,-1.5006381566727038,-0.16113990605434783,1.8104919073514951
595,-1.4685952974718282,0.25574874238794476,1.7950430543553497
596,0.7470145325109504,1.3511638694928743,1.83947669569514
597,1.777296673574173,-0.01966240288813275,2.039404343426079
598,0.48803255820783337,-1.549554643804351,1.9076937311860391
599,1.076742479482569,0.1199500481709337,1.4743684685920546
600,0.15510877432316694,-1.3955451114985662,1.7238343569205195
601,0.4290694414269823,-1.2283661885325854,1.6410314069805407
602,-1.035672955757592,-0.6325510560098268,1.5724946135827667
603,0.3194816952555665,-1.3299578621989505,1.69436019453603
604,-1.0979140737170558,0.20200206131548956,1.4987395190765096
605,0.8756527472097951,1.7401117235258126,2.189693253414285
606,-0.6734172348629315,-0.1777920506338114,1.2186471127767105
607,-1.9837387980659567,0.5305583139376132,2.2840122029972805
608,-0.60450170264931,0.06376645104705707,1.1702514553654917
609,-1.0196551778718637,0.02739729987779431,1.4284422612767713
610,0.45055683121281864,-1.2628839905971923,1.6726856942830668
611,-0.9792149208230334,0.09231316752274397,1.402634514783
612,-1.0351310832233833,-0.05372287606928109,1.4402716781456095
613,0.4875889270333944,1.6157186026766597,1.961705779366772
614,-1.4471588076522135,-0.7506910051111403,1.9125390452798998
615,0.9467555973561942,-0.16732204456249153,1.3872068438851708
616,0.410485166100474,-1.791455927038091,2.092322252930566
617,0.4583387332886866,0.7806399698017962,1.348878481140843
618,0.33053186819260033,-1.3083163264232072,1.6795662910038434
619,0.9043965318312079,2.0635763637828672,2.4650112567596194
620,-0.8986750182790644,-0.21819176796296655,1.362066237774684
621,0.5776461665193009,-1.5190484081997795,1.908188449852039
622,-1.889903816223568,-0.6384650899007797,2.231451121041735
623,0.7691873587859523,1.388518631390485,1.8760685442260938
624,-0.9044436551843651,2.092143139586532,2.488992013229903
625,0.5883598767529652,1.4382947759275686,1.847933766949806
626,2.3499222500065238,-0.11393725331797173,2.5563873491255915
627,-1.2460139800249652,0.12539243493126886,1.602583570724362
628,-0.5817043181090789,1.3457211708870331,1.7746395080354533
629,0.6108733979941935,1.6513841771999154,2.024903950582154
630,0.46582990576612304,1.3358838406599358,1.732507759533104
631,0.3324302461191856,-0.7936049758289685,1.3192114031478654
632,-0.7912352993281087,1.4536151891413687,1.9336624361571848
633,-0.40978974911708305,-0.8016846805348232,1.3455950228377271
634,0.07771266065706946,-0.5799000571789209,1.1585867830864103
635,0.39875139891232864,-1.324600787084949,1.706918253250754
636,0.026310224733900614,-1.1711058949527007,1.540188704386094
637,-0.4603768110591783,1.2979438564574233,1.7019415567746699
638,-0.6480253159421389,0.2156817990378514,1.2109729346843856
639,-0.7568953646227019,1.707955512062446,2.118962629253245
640,0.3181507642350765,-1.050050413504917,1.4845288072938196
641,0.6578403039216025,1.3126989826341613,1.7764944369382158
642,0.8758647526023167,-0.4853448024328228,1.415167354802842
643,-1.0074183584016567,1.5303507398747236,2.0873105029869903
644,-1.0569737831756858,0.13458595884569377,1.4612689549289468
645,0.6329370316142292,1.828496363776216,2.1780744336067754
646,-1.2817605054502537,-0.06272943134315417,1.6269127127442102
647,0.87539650628079,1.272858106177696,1.8402409629368879
648,-1.0849460730525564,-0.14005658925823494,1.4821348891470079
649,-0.7231261771379573,1.5050186503121488,1.946276600550281
650,0.7621306914539362,1.432245318225093,1.90582523921627
651,0.6980921206736561,1.6233772339950516,2.0304399160773183
652,0.2215797598668969,-0.9687598242544043,1.4098202676483609
653,-0.9765054454038384,-0.5797442765190876,1.5131643370962682
654,-1.9993453257488214,-0.9921156680037374,2.4457463544472806
655,0.5612260497995769,1.3489824196349447,1.7705163787601028
656,0.4683711821687613,1.5040414693466237,1.8658811070913692
657,-1.1531815048601832,-0.9809573931575497,1.8144158813078253
658,0.2605990038448067,-0.708058262433323,1.2527004206134051
659,-1.6042746305631639,0.2611358216336655,1.9083733931306173
660,0.26551360663120954,-1.4809243447048135,1.8065531794125778
661,0.9728561066991173,-0.07699191827861682,1.3972747617494512
662,0.7742615687435864,1.5511047703949135,2.0013512898976873
663,0.33307333841538084,-1.6139468891685655,1.9276312950925176
664,-1.0965360247446205,-0.6441223013562213,1.6178024578628782
665,-1.2716133477209075,-0.059985428412951486,1.618826351936445
666,-1.3387540951062276,-0.758432372319344,1.8350700778296294
667,-1.9337896733574154,0.486414776610772,2.230726750565628
668,-0.9958956433831831,-0.9513197084748256,1.7020039131101408
669,-1.2434784328074389,-0.5377709381831419,1.6838753501407464
670,-1.6963066058761849,-1.0968181970193795,2.2539889659117733
671,-0.9615147021777548,1.5070409634185455,2.048336639306507
672,0.5379213349972752,1.0497005793234733,1.5463604589090105
673,-1.5547721683874265,-0.7481972997592973,1.9942707175705217
674,-0.9583999116806797,0.21428039717701836,1.4015871286951358
675,0.37285048421279354,-0.9742853731438761,1.445077669850246
676,0.4552579854969338,-1.792952233006638,2.1028403513348835
677,-2.1112279174268624,0.06917753804330636,2.3371069404484466
678,-1.1580442731286358,-0.13217874590904702,1.5357531570523042
679,0.2290743756451065,-1.4345772122889693,1.763657236425487
680,-0.6581555602766801,-0.3257581569814836,1.240680103154348
681,0.3544051027547323,0.9008158041039467,1.3917873723317196
682,2.825388233975599,0.1467684871711812,3.0007265222799417
683,2.208147763926966,-0.008151966562435312,2.424042698034524
684,0.8309696080358665,-1.0239562155606918,1.6549914866441626
685,0.37634992755566604,-1.260764979488667,1.6526244586947798
686,0.42467059917398636,1.285103597281382,1.6828061009956974
687,0.20330513517341914,-1.3885591157120039,1.7232032369441466
688,0.3008858063321434,-1.3668766105725711,1.720140673602745
689,-2.075878797686315,-0.832089162509385,2.449825536043159
690,2.9073680578742094,-0.33515405250520797,3.092752376582696
691,0.6005275216939651,-0.5576237122843869,1.2928950107467028
692,-0.5596366702293715,-0.08988746215900642,1.1494663798993014
693,-0.6765509003022145,-0.08614751478172825,1.2104307146643318
694,-1.053079651229928,1.7470562948681472,2.2718235955445496
695,-0.8170216671309792,-0.1458491715139511,1.2995369888513335
696,-1.2679186551023565,-1.1394240144201502,1.976336206366189
697,-1.4444947541853699,-0.03769226190267064,1.75726657097789
698,0.6285385822716203,1.30510836770193,1.76021833897094
699,0.35136160924588933,-1.9820017678511075,2.247617847459122
700,-0.06102182689653063,-0.5606190716804982,1.148049392182102
701,-1.4104775755439816,-0.39724826692827647,1.774049936357471
702,-1.712114904099322,-0.7885506012175307,2.1338110261969216
703,-1.841738259861588,-0.885991159591016,2.2752978162674493
704,0.4159530763281941,-1.554118543613323,1.8942812381770782
705,-1.7975907416058725,0.4340651422278985,2.10231896295602
706,0.48467119968565603,0.9356833083946468,1.452724827836671
707,-0.8805938791703245,1.5402277969448892,2.0366018870937803
708,0.19882583726134204,-0.20664944728522508,1.0403055837714046
709,-1.0752924291516712,2.1530189840917284,2.6060975718591735
710,-0.5155782108850409,-0.15260332295471807,1.135389213316844
711,-1.0161463461945628,-0.715763355082913,1.5952650492517249
712,-0.9343856903294488,0.13872326661590823,1.3756165028789924
713,0.6093566211203258,1.3328054813346302,1.7741719033900902
714,-0.34992271618513776,-0.10265030325895799,1.0644167379656995
715,-1.5490525132421413,0.1524428436955407,1.8500817574841868
716,0.445771797853695,1.5420287854057695,1.8911809196324154
717,-0.9253935811202026,1.6797791796835486,2.162871094743468
718,0.49387591261705605,-0.7160043836617325,1.3253587040820864
719,0.5487302371336761,-1.6285097708003295,1.9882527371380436
720,-0.15990498710689374,-0.9211150114823182,1.3689494034768879
721,0.38491180382682944,-1.359983758777188,1.731390458811343
722,-0.059070300437407325,-0.32048154928531947,1.0517593469164344
723,-0.014872456391260294,-1.0902494918189236,1.4794813768245045
724,0.2865076326089467,-1.2063540743338224,1.5929145539560483
725,0.33332180495088115,-1.5520794115549288,1.8761806750492895
726,-0.8533904692790399,1.764447624097783,2.200352406147845
727,-0.8135065161333552,-0.15862694781874187,1.2988284568663098
728,-1.4127556632831029,0.14917532764673436,1.7372771346325233
729,-1.0143874279614482,1.7584240994183091,2.2629708719781028
730,0.8303943373171584,-0.6538606296415601,1.4550218137346465
731,0.3023720678238831,1.2484658651522087,1.6279115098341017
732,-0.3209114220300852,1.0087736685745594,1.4562309072392148
733,0.17903742895453162,-0.38785279893168667,1.087420891194294
734,-0.797261904643777,1.8793772872873404,2.2732543924004074
735,-0.6735121049248131,1.5281775235648072,1.9465212814169075
736,0.3687397018610338,-0.7861933910507009,1.3244127060174122
737,-1.1694007870119738,-0.6552099137044669,1.6723630681406592
738,0.8444829806183998,1.773109179422267,2.203875601458858
739,-1.731035070207544,0.1747578052037105,2.0067443047802715
740,-1.2783724811752675,0.14505468051651998,1.6295020898930934
741,-1.164064060401141,0.0803651530548044,1.5367184825279852
742,0.9905102470496839,2.0426005926525046,2.4805901980405367
743,0.15392940196403307,-1.6804015525785287,1.961490157685563
744,-1.1232964274558987,-0.4846361687268806,1.5800845167184745
745,2.6701213415367824,-0.3037142967916629,2.8673664489572728
746,0.818331471591474,-1.1489809034529919,1.72911061355158
747,0.3644197082279554,-1.4967259061641593,1.8365702169881422
748,-1.54003975345809,0.17986459658584955,1.845013201940909
749,-1.4390243631426505,-0.6358950272134859,1.86417638740355
750,-1.2539115959723117,-0.5621901228707858,1.699515232284577
751,0.5703003120726519,-1.1060333170155223,1.5964185366934711
752,0.004922796051014475,-0.5431211404361473,1.1379827797948532
753,-1.060445163681993,0.02571856061309429,1.457808420038977
754,-0.14593857633817547,-0.08180083337153668,1.01389814301235
755,0.1911285695001205,-1.5184129124003394,1.8281432937883297
756,1.3383757724654548,0.1211634702174672,1.675091130308331
757,0.14868343756841626,-1.4375880571840818,1.7574886021722769
758,-0.8393063575638811,0.041496773366392556,1.3061995039223415
759,-1.0173635588841925,0.19721051340353699,1.4401113142887243
760,-0.6708480380532245,1.2022491428436641,1.701599274690779
761,-1.3767341003969928,-0.7237402413540028,1.849107006138657
762,-2.10073605616239,0.0025151517893373786,2.3266066069813425
763,0.24301501417090401,-0.7039644410516238,1.2468449107156871
764,-0.5983010398867593,1.569073375172637,1.9544706165622516
765,1.0333967644097448,-0.03807766186791533,1.4385266007362731
766,-0.6130040709077925,1.7871606733402734,2.1376897022916084
767,-2.0362335710112753,0.2589917292538423,2.2832704332897635
768,-1.5854443621272376,-0.09735530714924998,1.8769954398535889
769,-0.8127532631795343,-0.5222964000142323,1.3904536656346405
770,-1.0096959491644026,1.6873766321721573,2.206065685458993
771,2.233772162569741,-0.13203446341118,2.450953115381805
772,-1.3438282934165542,-0.35201682980449184,1.711663030696303
773,-0.05347331357666667,-0.5776000617705437,1.156062812576464
774,-0.6808978400073258,1.8053947232801726,2.1732629788809574
775,0.7988953659250456,1.4373197407528158,1.924609529970756
776,1.164966144484848,-0.12314393979979205,1.5402306800298802
777,0.337547585416312,-1.3057882776383702,1.6789941627171205
778,0.6951813821648675,1.3775514216807934,1.8387292006936287
779,0.2287546875357524,-1.0686145032502334,1.481305391749562
780,-0.7551385823626108,-0.0497078895259915,1.2540754175302782
781,-0.1687719473853785,1.002288092499178,1.425856020287425
782,0.715427973217826,1.2651570819702507,1.7642164342625442
783,-0.7887028254586728,1.4694574681665717,1.9445712631932532
784,-1.2248504860881981,-0.49394426286025694,1.6565746732589686
785,-0.3634520729220266,1.038052887999648,1.4864895585222684
786,0.47984946639635956,1.187079601357599,1.624627185036674
787,-0.9617324979247439,-0.26080922415503366,1.411719111214734
788,0.38917367147356574,-0.5458818308974012,1.203928203786303
789,-0.7256714154036088,0.20191056680108807,1.2519452384668484
790,-1.1085906272603607,0.11866739964046917,1.4976832544256315
791,-1.4430008473979743,-0.5547390615714933,1.8411916988799655
792,-0.7515186826098452,0.1232380251683247,1.2569677566107358
793,0.5974950658915974,-0.5682806538452246,1.2961262497533026
794,2.4504567105814483,-0.4892025310304536,2.6914786283380097
795,-1.1652960552999236,0.18320046903010886,1.5464402052295507
796,-1.1510877426111727,-0.31307509282879065,1.556604961105881
797,-1.2207806676809105,-0.5294470753177609,1.6645178413420447
798,0.34549327521072937,-1.6101699463154409,1.9266584697951286
799,0.6480098645927075,1.2232824913086433,1.7077285610282857
800,-1.1026564600111166,-0.14679099098012777,1.495793723692266
801,0.898780171014606,-0.841199163437501,1.5860081425947965
802,-0.8974984815227427,-0.3405031783662085,1.3861623060858057
803,-1.1206798404849796,-0.5593269544901288,1.6027382652475237
804,-1.8583775647369492,-0.8556102891525317,2.27719918760334
805,-1.48781243535075,-0.7032509992408421,1.9256551640201764
806,0.42612066494806133,1.0942296553330177,1.542373936406471
807,-1.3284090145019554,-0.8747405513223862,1.878787252974069
808,0.8139626669698262,1.505949313556252,1.982528324695811
809,-0.46822994233665743,-0.51429424215001,1.2180877827189807
810,-2.316828381474989,0.45491388927802706,2.564106159242647
811,-1.7524879511522813,0.3500363115234088,2.0478621629198663
812,0.31961736141937974,-1.636932125356336,1.9446598779077788
813,-1.5309049258145555,0.04305780090255764,1.8290773264413491
814,0.611517810224163,1.6838046519659164,2.0516218311870773
815,0.14586706747826422,-0.7151933544412172,1.2380544154485251
816,0.709609040624775,0.9669807806301542,1.5616007238229996
817,-1.667698881375857,-1.076883358014608,2.222812930885346
818,0.1995968254594549,-0.6926066536219182,1.2326973957037648
819,0.22335696503610417,-1.1919339333816852,1.5718125955014086
820,0.5371439262923537,-1.3639000440001112,1.7744708866522072
821,0.4425347621271599,-1.6765590949332112,2.001671155433432
822,0.5207691678165002,1.196911512685199,1.644322868340236
823,-1.1260729220397472,-0.1774815865263636,1.5164234037059208
824,-0.8529602213688458,0.04395304097421039,1.3150942966374963
825,-0.8834388479318191,-0.07455255527608431,1.3364214460765338
826,0.5021800828333124,-1.6059254908123481,1.9573404194557864
827,-1.6252678604662874,0.025212903771765546,1.9084368757654175
828,-1.1450504883069998,-0.13555101106125775,1.526274777807662
829,0.5257421966124558,0.9993841540668315,1.5083678413101915
830,0.5968220414446613,1.2349940953175014,1.6974707551599428
831,-1.39822410987162,-0.30365128733802704,1.7456330558649273
832,-0.7444601116690717,-0.07402924708238799,1.2488799731318907
833,-1.3129807347477973,0.08131943824629428,1.652431923213649
834,0.7109764165468406,1.7908732868971609,2.170878760918635
835,0.6741463416352429,1.2776348467278256,1.756935995280823
836,-1.2963348483458563,-0.37057108447383785,1.6786324695072448
837,0.3469838125503125,-0.8836779185118055,1.3788707081656741
838,-0.9004075808119341,1.7737128594704752,2.2263852136219664
839,-0.637124832092309,-0.08018057098467606,1.188426260073414
840,0.6655609378840367,-0.981074792271819,1.550960705520379
841,0.26018793517613614,-1.0573458059790655,1.4784038403064101
842,0.7950289497073161,-0.0432444249432613,1.2782570598910814
843,-0.7284465591925654,1.2006387377209968,1.7239976125609213
844,-0.9331991075494548,-0.1789564762048538,1.3794513382887985
845,-1.7287272817228465,-0.8740366455423036,2.180008732166847
846,0.6199120191599876,-1.172527006990349,1.6610570410496923
847,-0.13233009737878695,-1.0674031092593255,1.4686254295526668
848,0.3194263865689497,-1.402516277336687,1.7518804538640345
849,0.35186468806651955,-1.211847817461473,1.6100881626154155
850,0.6060478779421851,-0.9199135446812081,1.4877953354027464
851,-1.1960960907018283,-0.05227801246742253,1.5599291165882314
852,-1.1352058850244504,0.37711277406460303,1.5591364423156961
853,0.08560124438537915,0.8877393602270913,1.3399286341953929
854,0.8974811155119258,1.7692898694552188,2.2216793186365567
855,0.3225080479767982,-1.5205236096196832,1.8482433520563994
856,0.7084537173245667,1.9228180647279192,2.2801613933305287
857,-0.0932003832279524,-0.05748287343710034,1.0059774312440726
858,-0.9012660449913417,-0.2718373496925408,1.3733812393294877
859,0.2724484314062703,-1.3314934642188305,1.6873360640468749
860,-1.1214894901891246,-0.3370827523898616,1.5399231989172015
861,2.8906535328205853,-0.33166190335113893,3.076666615826718
862,-0.8121870991272592,1.5670720550816182,2.0286356769529807
863,0.24465694172374128,-1.1414101734921274,1.5370992821821698
864,0.4845772647341259,1.4987186607593257,1.865736516661834
865,0.6055916278805952,-1.5957848603703042,1.978198812138492
866,0.1918803712003477,-1.0624071944676383,1.4715730099823732
867,0.43431327338368236,-0.741555006186025,1.3185339762921564
868,0.11143707744600978,-0.9712490464608924,1.3984787922885713
869,-1.03892806204891,0.14517323995573686,1.4492918228265659
870,0.3850114351105968,-1.3786534896621863,1.746115474338294
871,0.40930996896052163,-2.0433524099417597,2.311454892898683
872,2.741047916049521,-0.3020380685643776,2.9333548494755153
873,-0.9244944733803981,1.7741470462776152,2.2365794806191186
874,0.2706527299047054,-1.1987042685706528,1.5843436570688738
875,-0.9340302428646103,0.17226793105451174,1.379162330784714
876,1.286933729768843,0.052397477149924175,1.63062684892296
877,-0.7446306224759727,0.16802751911601332,1.2580572368176406
878,0.6677802410405308,-0.5931851401409752,1.3408202940022267
879,0.35654580386163093,-1.1069005560028475,1.533738488507982
880,-1.1952053311085784,1.8486770780960815,2.4178756631779543
881,-0.5875068890256331,0.953946655974621,1.501725196931096
882,-0.5511883842891007,-0.8031853630775996,1.3960355878119026
883,0.4708015900682366,1.0621921982283853,1.5329404434576153
884,-1.191283044176682,-0.2879778358692005,1.5817985097017795
885,0.6987308786311335,1.4363376468228088,1.8844868469780094
886,-1.0384860766272788,1.2787329176132411,1.9270732227749912
887,-0.8457129768494046,-0.5406203473313699,1.4168630135479479
888,-1.1497252390227546,-1.1079730812002495,1.884004372051802
889,0.2597630690308656,1.043352273069843,1.4683530970963157
890,-0.07179382839986317,-0.8663802773595439,1.3250543908813364
891,0.8082313953958367,-0.0015573101285050544,1.2857839685259487
892,0.17543672867201054,-1.43541715620772,1.7581810083443044
893,0.33208620116120263,-0.928779555453386,1.4046041106410974
894,1.215706478693615,-0.013776221994124992,1.574208380942644
895,-0.8290392954267778,1.6744420182037552,2.119212642867155
896,0.3273607555206766,-1.0769475212765514,1.5056497028986444
897,0.5757417269486605,1.4934844820057305,1.8873193778854045
898,-1.2669062042208195,-0.8363823072431311,1.8178522201110157
899,-1.162012982729596,1.6225085405872488,2.232220449756407
900,0.5364837215584046,-1.7478506545305985,2.0839377855493186
901,-1.86341675190619,-0.8091905565089752,2.2643125552864647
902,0.6037481006034907,-1.032594199989696,1.559090295920888
903,0.3458134209882266,0.9409006438580046,1.4159381850024344
904,-0.6212877342600085,0.02944945222761592,1.177652630862956
905,-1.6646781259614294,-0.32787764534541913,1.9694306317745018
906,0.7246732713257799,0.6920894132049521,1.4156762009882
907,0.1884935200472204,-1.3503300906193052,1.6908344569270326
908,0.2200570795675606,-1.1158995497897144,1.514482394578653
909,0.1712770135552956,-1.2525209928197276,1.611876128251342
910,0.6057589389612023,1.522108591249519,1.9193119745593723
911,0.5893074083517391,1.2704334240606776,1.720838256928518
912,0.22896655801440302,-0.9633242481353385,1.4072737088905194
913,-0.29410061404940213,-0.04920810890796765,1.0435116717921913
914,-0.13072862793174622,-0.6200692408105866,1.1838816822471467
915,0.5673287176909475,1.1605203369303947,1.633606233566061
916,0.4490021832852563,-0.6259871834633612,1.2623244093557404
917,0.5452761930490112,-1.6174325161155512,1.978235089895512
918,0.4944518736261749,0.9776350846561944,1.4833249859970536
919,-1.9116455086591644,-0.48099828554249036,2.2103727969443456
920,-0.894366192607714,1.6319546217728738,2.112620830628502
921,1.7609425219671695,-0.19425736853539505,2.034368327246173
922,-0.041115382717344925,-0.28408923360247146,1.0403831829402248
923,0.5469438541921633,-1.6491529761181,2.0047077388681287
924,-1.5203837158980726,-0.1679975728000714,1.8275091868537205
925,0.6691003380400544,1.068333346565334,1.6090467369684454
926,-1.0282741128591242,-0.5846787797865216,1.5489341260069374
927,0.4446435442351768,1.1434562330050801,1.5827823723519883
928,0.06356244113778164,-1.7497917970940295,2.0163857560251084
929,-1.4960655146587039,-0.8451536475329675,1.9880887083048613
930,-1.2026320590725974,-0.18252949428976745,1.5746875518003165
931,0.45564289606950314,-0.8207008758921939,1.371554000551498
932,-0.679780832680819,1.5580153764469156,1.9721850556490006
933,-0.6743944816324409,-0.16303125261408416,1.2171224696739462
934,-1.1884626790495751,-0.9938597298466885,1.8439633136547555
935,0.5371101500230374,-0.5077095446901979,1.2434855427496123
936,0.6502788694667652,-1.3644644152478511,1.8123536488645462
937,-0.29203147830494086,-0.08558474770306289,1.0452784955983578
938,-0.6429425991028853,-0.4599593602021594,1.2747304808385
939,0.5264409986095805,-1.1070994694174268,1.582026978341836
940,0.7387537966068652,1.6262317677939662,2.047043461820815
941,0.3389592862221463,-1.1270329908374954,1.544375848086319
942,0.42370569464760466,0.7287930206997493,1.3079242266650903
943,0.9595054754691571,1.8642196153584099,2.322921766169139
944,-0.986632796975666,-0.1709603303467982,1.415157839472443
945,0.6660803357434827,1.579010244785116,1.9841714559988264
946,-0.6090202369715382,1.7955782616893405,2.143596730472451
947,2.9035229336077224,-0.49634967035063327,3.110756888804263
948,-0.5796710837945334,-0.07460851770400949,1.15826810208238
949,2.8728014263900072,-0.27983963423901115,3.05471737749329
950,0.7402380903619171,-0.712776415138525,1.4338767898255362
951,-1.4679489956876939,-0.58923197471716,1.8713814613727455
952,-0.02124702398128388,-0.5450737543449826,1.1391035219433727
953,-1.4907292940201666,-0.9008481599931684,2.0084325319544445
954,0.199341939913865,-1.1397441357448106,1.5292985006117372
955,0.3754587229485511,-1.2863517162123017,1.6720257146469042
956,-1.2844876096807414,-0.19974467852933955,1.640062912215301
957,1.1976900550547822,0.1127003668930043,1.564341024417293
958,2.99055369005119,-0.008097375745929662,3.1533279151672065
959,0.5306428990190621,1.4118277718708876,1.8096517741558098
960,-1.277003569879292,-0.19686987331412625,1.6338591935975315
961,-1.9351589935135496,0.3271688219466504,2.2026982926016747
962,-1.7794749560268646,0.3199287412675588,2.0661281467072308
963,-1.1690423830371999,-0.43421332377660593,1.598499704060787
964,0.722701637167244,-0.836571810101955,1.4906877774441825
965,-0.6559610067691508,0.0727300044254824,1.198154621050776
966,-0.4806524586828285,1.2315105292443052,1.6576021747323562
967,0.6297780878034287,1.1609428037297982,1.6566256769135712
968,-1.5577765784770845,-0.6872258067792059,1.9745751892382075
969,-0.9185372664892647,-0.3118167735775663,1.3931763744098928
970,0.05287007117333115,-1.7130488130126351,1.9842710198432751
971,-1.1635287294934389,0.5858631950160129,1.6422651392607062
972,0.26285172223785724,-1.6553189660449206,1.951709995678516
973,-1.1543937774002169,-0.14197053706174909,1.5338776439774924
974,0.685998608357069,1.4606493672192071,1.8984442748276036
975,0.12587680880758026,0.9515228466646295,1.386088272340669
976,0.4682415570514707,-1.8491877862609367,2.153774738594222
977,0.3930973646847423,-1.3362135148625653,1.7146405149253474
978,0.6389235271443435,-1.7963979580373195,2.15296746310278
979,-1.394667249712877,-0.04107996704332654,1.7166200223444796
980,0.8632867953257052,1.4135027831663167,1.9347491333510527
981,-0.9030316261690374,-0.47774943673802983,1.429584080131351
982,0.41734311426152904,-1.4452139345039063,1.806327376614154
983,-0.9977981656834507,-0.20311024861933294,1.4271842742040939
984,-0.8617602549641764,1.8270289593635778,2.2540331753080034
985,0.41659371097929093,-0.7799017590352193,1.3348397183833445
986,-1.033847497620342,1.6676749885039084,2.2022671308488793
987,0.774331560495015,1.660959603363784,2.0876724287073927
988,-0.609696786574367,1.5960866264929836,1.979702677380839
989,0.44762689942214595,-1.4348312148868265,1.8053006553756887
990,-1.4454868933366376,0.2881624562950863,1.781142880295127
991,-0.4750823901650697,-0.0902787750685936,1.110789599642003
992,-0.10441594453063284,0.8517139554690997,1.317694711005946
993,2.4756780254851987,-0.3322005286480185,2.690601954415464
994,-1.995120379479358,0.4784265161316858,2.2824104056789962
995,0.2525661034760252,-1.2651455621172183,1.6322937633802177
996,-0.7470854388637956,-0.28813997486476434,1.2810781779725144
997,0.06797626679321933,-0.4461410478952637,1.0971155852799772
998,2.8928038424383464,-0.20557493189914725,3.0676660710467494
999,0.38302673444724455,-1.4329266277299342,1.7888510837291072
1000,-1.455786127519844,-0.44324762231608256,1.8209288024983525
1001,0.27692644444723447,0.9611871013168862,1.414414684373768
1002,0.660018756128278,-0.430755920014805,1.273253871413286
1003,0.5628603843140018,0.8484659059641871,1.427132161298923
1004,0.16063955380312261,-0.7893113608161934,1.284062884192039
1005,0.8599730680574279,1.6172461296299132,2.086872952909937
1006,-0.2624653157010784,-0.575605273425483,1.1833044716983419
1007,0.672460755431369,-0.11030583773679581,1.2101119144253327
1008,0.31068208101260664,1.288830960013655,1.6606048894761343
1009,0.16530633683957688,-0.7217160712542202,1.2442669619120916
1010,0.007736304352182931,-1.5501881955285604,1.844761039257151
1011,-0.8499233236522936,-0.414586567646672,1.3763181602235763
1012,1.1699822746542068,-0.03778189075983156,1.5395733156541844
1013,0.46228829611765854,-0.8310354086520619,1.3799747530882107
1014,0.3819689798839606,-0.9900172932960577,1.4580927757241122
1015,-1.1599279312084771,-0.7331803753027668,1.6979358846336583
1016,-0.9522671945560347,-0.2701992395430806,1.407060922233746
1017,0.2785681770462901,-1.7074954360132906,1.9982844875715546
1018,0.7070149195107809,-1.9787302476522255,2.3270675730164507
1019,0.3935801099241806,-1.412904828690019,1.7751634735605344
1020,0.3907039377975326,-1.4528785795307322,1.8065175708721288
1021,-0.7739241399884565,0.10515327779226494,1.2688639746983634
1022,0.2090286936217369,-1.2379409726594561,1.605051664759191
1023,-0.26334342285724804,-0.2680051816223038,1.0682586464609476
1024,-0.7126318231481676,0.022391126600957934,1.2281471727419078
1025,0.43668877602011646,-1.830701182654999,2.1312353007766083
1026,0.7287196897817412,-0.6801612307654742,1.4119673105677772
1027,0.3647199730547613,-1.4678577164411943,1.8131814400277275
1028,0.2276957653363841,-1.4835775249268182,1.8035652563797369
1029,2.9845838526595303,-0.38409984350858406,3.171005118781634
1030,-1.0096561567504296,-0.2479725749904716,1.4425310924938337
1031,0.7739022943263268,1.5549736497477324,2.0042125168188467
1032,0.26904651243976024,-1.6596646881081045,1.9562394799228877
1033,1.1483126193852013,1.6341673542618553,2.2336348881530514
1034,0.5196284181873402,1.1167249476079386,1.5865334227799397
1035,-0.6548410168023701,1.4772878362243158,1.9003147392848065
1036,-1.5840205953632187,-0.5138225792740875,1.942455891264129
1037,-0.7588389645429642,-0.3940176419039409,1.3157075952658253
1038,0.47569756549636033,-1.2967762491400328,1.7052615090222545
1039,-1.966255388859029,0.1641674859281268,2.2120377975190957
1040,0.42335529048563947,1.2775006184435909,1.6766745456724563
1041,-0.8374432138543001,0.06340676296730832,1.3058834381446958
1042,-1.5182399900551922,-1.1461626801081746,2.149125765672066
1043,-1.0145465860840488,0.27838207634953677,1.4514824682949077
1044,-1.1394401790244992,-0.7962688222762698,1.7124158253486859
1045,-0.4197297938808741,-0.042971170439205834,1.0853661231861793
1046,-0.8121030175050944,1.7129506434684425,2.1432944776674603
1047,0.29140760119789394,-1.0475299773118576,1.477239805652045
1048,0.7152000019826612,1.9014023551965682,2.2642530687145053
1049,1.239844044332925,0.0362129029067159,1.5932748126436804
1050,0.3694596183663512,-1.1503221032962585,1.5683562576581056
1051,0.5671034713554842,0.8500932765816016,1.4297779289500465
1052,-0.7981254215284005,0.14783879342669393,1.2879675839599953
1053,-1.2888913615295021,-0.29486130621301826,1.6577647998817628
1054,-1.0472156397057604,-0.02888330162073183,1.448273054764487
1055,-0.04620831583083214,-0.5240275790653482,1.129929250914858
1056,0.443790963510163,-1.2850760206591012,1.6877117046955352
1057,0.45333722374496344,1.1613227418833652,1.5981818260912268
1058,-1.4681245254324793,-0.4509146954503711,1.8326793731445343
1059,-0.9602237123328967,0.1007292177908085,1.3900273209700298
1060,-0.8304868467463747,-0.06404516549611908,1.3014646310377251
1061,0.03900913245711386,-0.8209870579453743,1.2944270785675251
1062,-1.4069445192798198,-0.20782818224299052,1.738587194726209
1063,-1.1096515429283276,-0.3969262673617561,1.54559923927419
1064,-1.1979495486885043,0.06399880457340273,1.5617871071915712
1065,-1.2801186411441794,-0.023100823370680732,1.6245729849548847
1066,3.8668932519664136,-0.5804100548029042,4.036054912141273
1067,0.5071930822730727,-0.9268727580936094,1.4547638751363448
1068,-0.3524650500053439,-0.11637259597102767,1.0666649860984028
1069,0.146529205420477,-1.046310615618387,1.4547290855677852
1070,0.3221224754641832,-1.6264756771343576,1.9362814923220333
1071,-0.23683118568517614,-0.7400310637071417,1.2663865862226156
1072,0.5449970014077488,1.4137056660989467,1.8153747386982404
1073,0.8969475025730188,1.498409790485195,2.0123982514884724
1074,0.8346324073860565,1.238339226523495,1.7972465872566992
1075,-0.8635059244519507,-0.17885522808184998,1.3332785433568743
1076,-0.8443498806054074,0.02511054173813361,1.3090291288526579
1077,0.7093274804123267,1.6526169244386542,2.0577386066770424
1078,-1.602098350800279,-0.02282314090366804,1.8887138537633705
1079,-1.413761562230013,0.0012366468249317946,1.7316822122244073
1080,-1.0716555156845764,-0.3970349902500727,1.5185790489072508
1081,-0.6086699745990646,-0.07513878729579936,1.1730835329739777
1082,-1.7489663336250367,0.42199453849144597,2.0583883566203953
1083,0.08875715176791497,-1.651055149257988,1.9323200919830206
1084,0.4710919456930673,-1.5237674905948049,1.882497008414746
1085,-1.4574190208396072,0.38783084709874416,1.8095532510170595
1086,-1.1651290908444105,-1.0300572830073818,1.848930448829396
1087,0.38018868380750576,-1.191563600896986,1.6013641841498378
1088,0.18921973567102882,1.032410090658938,1.4497153871232142
1089,0.23270582643628374,-1.285406699303132,1.645120781058572
1090,2.738419703847593,-0.15096466046780285,2.919200713060152
1091,-0.8506024555422873,-0.2611458775719264,1.338552093400694
1092,-0.8605064521124842,0.040513546138601135,1.3198911703424414
1093,1.2839886572429022,-0.05132952322627427,1.6282695083686447
1094,2.5211980108477654,-0.15462312086269572,2.7166795393288568
1095,0.6790139880549363,-1.0336028446718462,1.5904071291615873
1096,0.2690322791812882,-1.2663138084425303,1.6358267110833298
1097,0.7535442340401025,1.247660507438489,1.7676214680968187
1098,0.5541829578449489,-0.6785606442571805,1.3294973857441377
1099,-1.1979065173398828,0.18794671701950164,1.5717200745437387
1100,0.29225838142996485,-0.46790434044064755,1.142081185082418
1101,-0.7163560911578442,1.6707266397092309,2.0747273444896424
1102,0.18185737866115184,0.10310016378862791,1.0216172228123153
1103,-1.3426128466810967,-0.1030761492311427,1.6772697900497222
1104,0.0795749740552421,0.01215697284863257,1.0032347524307235
1105,-0.784730651622438,-0.049063261469776,1.272088597237562
1106,-1.4984073780324831,-0.9616761473087077,2.042068971128228
1107,0.7819956340328957,1.4301818647161002,1.9123120398641358
1108,-0.9658145914077337,0.26822108664204886,1.4158885465655584
1109,0.7501502860064897,-0.8120634743414857,1.4906953202969357
1110,0.5599490162838904,0.7448102597724842,1.3668523050789547
1111,-1.1271681955625916,-0.5150064859651617,1.5924006473479007
1112,0.5347531821532625,1.4807196062991197,1.8650714512590825
1113,-0.6340311300616944,-0.20024232659537963,1.2008715431917105
1114,-1.603444825213655,-0.8112093551685919,2.056476580323124
1115,0.9709915023786735,-0.05546037843209558,1.394955322319473
1116,-0.5092150293868873,0.191673622935371,1.138436965265385
1117,-0.8005315364113642,-0.00624760505120477,1.280972198510965
1118,-0.6113305498173662,-0.21543732927635093,1.1916955500402484
1119,0.7469493752518548,-0.6762228133824968,1.419581157429217
1120,0.8403451395023303,1.435246161486362,1.9406471852313927
1121,0.40603410610375334,-0.091908373782896,1.0831947398740869
1122,2.6132306943774113,0.11318135264384484,2.80031867483373
1123,0.7339541842098327,-0.4576073995360364,1.3221547854276574
1124,0.36100189672008365,1.2980503987869658,1.6778728221252344
1125,-0.9586609076625515,-0.627249743826069,1.5206817474443022
1126,-0.7401325689551022,-0.0516852635688366,1.2451777327346725
1127,1.2600077207856686,0.08349972790775274,1.6107736218973057
1128,0.2880312751466172,-1.1182477787065541,1.5275601821351357
1129,0.07064459324357641,0.18531719089146867,1.0194768853654583
1130,-0.8638785511969954,5.715003586803743e-05,1.3214712083448306
1131,-0.5360193310107036,1.323428219384144,1.7432093893389424
1132,-1.0991645763660352,-0.013482194828418689,1.4860499774621703
1133,0.4054239032750621,-0.5952413851787827,1.2323476976796537
1134,0.31505425294996686,1.5352642517943897,1.859111482708783
1135,0.16879488672733697,-0.8708078273413733,1.336711631558691
1136,0.44557178987401014,-1.3164936098705196,1.7122177562335466
1137,-0.9957622645042743,0.2797513104581077,1.438681091525745
1138,0.26824651493366597,-0.955407850690124,1.4088152305871695
1139,0.35360389674655546,1.150128460018351,1.5645546300268751
1140,0.4028419776499429,-1.247975248857816,1.6491585371693787
1141,-0.8462838575236176,0.2762892422273413,1.3388547766190377
1142,2.7654979890406652,-0.1644645905655592,2.9453400022642313
1143,0.3088940233441609,-1.1563900684453674,1.5596966076954917
1144,1.482044735519178,-0.06368106633696455,1.7889974500512633
1145,-0.5821772954080893,0.2595064106183368,1.185864233561621
1146,0.9311877795445167,0.24952244099870013,1.3890184049662542
1147,0.2532130051468596,0.7396903224598422,1.269353614685935
1148,-1.4241209854935808,-0.7051309796071586,1.877586290886509
1149,-0.2359367624306447,0.6327723780947405,1.2066760287442226
1150,0.17017946639580317,-1.1863952993565476,1.5609275630592447
1151,-1.3140144055293892,-0.11270554503284325,1.6550940752174497
1152,0.3820532717696509,-0.448107095119103,1.1605019048523684
1153,0.4539823759646912,-0.7651128481039741,1.3384684038184544
1154,1.386308979529572,0.2482342845596782,1.727273240328576
1155,0.4450506673434309,-1.4687706866243129,1.8317634744665288
1156,1.0335574380607822,-0.09984280987885111,1.4415996547083632
1157,-1.258137697396878,-1.0537561490220289,1.9217992837996518
1158,0.44643334007988833,-0.9530948788025538,1.451789438980233
1159,-1.1270379413755278,-0.5193682719886922,1.5937245443452603
1160,-0.9267482782230438,-0.21780997765928295,1.3806895225058071
1161,-2.111673931238659,0.2849693396564174,2.3537999737482256
1162,-1.8275931725418804,0.3583428057282593,2.113884190474704
1163,-0.7987491373317995,0.06794575095223716,1.2816461326983972
1164,-1.0299831924621925,1.9665647386640424,2.4347981945351003
1165,-1.178468847142295,0.3471051581698477,1.5840678061601419
1166,-1.3021616294724907,0.1721934731766671,1.6508408468035602
1167,-0.7790772830752561,0.020665890012111752,1.2678282580909435
1168,-0.9071690877120195,-0.0668798913361204,1.3518242021673488
1169,1.14251096046834,0.009735211592024938,1.5183629569819697
1170,2.02254013897109,-0.10789564554301247,2.258829361434002
1171,-0.7248298026280523,-0.4271031054918835,1.3068264251608293
1172,0.15648485765180942,-0.6162644084633806,1.1850187052587091
1173,0.8335590179103539,-1.156470824251239,1.7413343744623013
1174,-1.1514594238161744,0.19527859583772064,1.5375280598049026
1175,-1.3618266160433643,-0.5781867476809155,1.7857412039144853
1176,2.7153229762042637,-0.2727353512636138,2.9064348327343703
1177,-1.660362901311815,0.04052945414130553,1.9386716072366614
1178,-0.5153296713034653,0.03137638145744287,1.1254106572443237
1179,-0.16012145201991854,-0.25124334945799787,1.0434376359149793
